,clockTime,x,y,touching,block,keysDown,variables,stageVariables
0,0.005,173,58,[],event_whenflagclicked,[],{},"{'Punkte': 0, 'Zeit': 29}"
1,0.01,173,58,[],looks_hide,[],{},"{'Punkte': 0, 'Zeit': 29}"
2,0.011,173,58,[],looks_setsizeto{math_number(NUM:50)},[],{},"{'Punkte': 0, 'Zeit': 29}"
3,0.013,-91,62,[],motion_goto{motion_goto_menu(TO:_random_)},[],{},"{'Punkte': 0, 'Zeit': 29}"
4,0.015,-91,170,[],motion_sety{math_number(NUM:170)},[],{},"{'Punkte': 0, 'Zeit': 29}"
5,1.022,-91,170,[],looks_show,['Right'],{},"{'Punkte': 0, 'Zeit': '30'}"
6,1.022,-91,163,[],motion_changeyby{math_number(NUM:-7)},['Right'],{},"{'Punkte': 0, 'Zeit': '30'}"
7,1.023,-91,163,[],control_if{sensing_touchingobject{TOUCHINGOBJECTMENU}},['Right'],{},"{'Punkte': 0, 'Zeit': '30'}"
8,1.025,-91,163,[],control_if{sensing_touchingcolor{COLOR}},['Right'],{},"{'Punkte': 0, 'Zeit': '30'}"
9,1.054,-91,163,[],looks_show,[],{},"{'Punkte': 0, 'Zeit': '30'}"
10,1.055,-91,156,[],motion_changeyby{math_number(NUM:-7)},[],{},"{'Punkte': 0, 'Zeit': '30'}"
11,1.055,-91,156,[],control_if{sensing_touchingobject{TOUCHINGOBJECTMENU}},[],{},"{'Punkte': 0, 'Zeit': '30'}"
12,1.057,-91,156,[],control_if{sensing_touchingcolor{COLOR}},[],{},"{'Punkte': 0, 'Zeit': '30'}"
13,1.087,-91,156,[],looks_show,[],{},"{'Punkte': 0, 'Zeit': 29}"
14,1.087,-91,149,[],motion_changeyby{math_number(NUM:-7)},[],{},"{'Punkte': 0, 'Zeit': 29}"
15,1.088,-91,149,[],control_if{sensing_touchingobject{TOUCHINGOBJECTMENU}},[],{},"{'Punkte': 0, 'Zeit': 29}"
16,1.091,-91,149,[],control_if{sensing_touchingcolor{COLOR}},[],{},"{'Punkte': 0, 'Zeit': 29}"
17,1.121,-91,149,[],looks_show,[],{},"{'Punkte': 0, 'Zeit': 29}"
18,1.122,-91,142,[],motion_changeyby{math_number(NUM:-7)},[],{},"{'Punkte': 0, 'Zeit': 29}"
19,1.122,-91,142,[],control_if{sensing_touchingobject{TOUCHINGOBJECTMENU}},[],{},"{'Punkte': 0, 'Zeit': 29}"
20,1.124,-91,142,[],control_if{sensing_touchingcolor{COLOR}},[],{},"{'Punkte': 0, 'Zeit': 29}"
21,1.154,-91,142,[],looks_show,[],{},"{'Punkte': 0, 'Zeit': 29}"
22,1.155,-91,135,[],motion_changeyby{math_number(NUM:-7)},[],{},"{'Punkte': 0, 'Zeit': 29}"
23,1.156,-91,135,[],control_if{sensing_touchingobject{TOUCHINGOBJECTMENU}},[],{},"{'Punkte': 0, 'Zeit': 29}"
24,1.158,-91,135,[],control_if{sensing_touchingcolor{COLOR}},[],{},"{'Punkte': 0, 'Zeit': 29}"
25,1.187,-91,135,[],looks_show,[],{},"{'Punkte': 0, 'Zeit': 29}"
26,1.188,-91,128,[],motion_changeyby{math_number(NUM:-7)},[],{},"{'Punkte': 0, 'Zeit': 29}"
27,1.189,-91,128,[],control_if{sensing_touchingobject{TOUCHINGOBJECTMENU}},[],{},"{'Punkte': 0, 'Zeit': 29}"
28,1.192,-91,128,[],control_if{sensing_touchingcolor{COLOR}},[],{},"{'Punkte': 0, 'Zeit': 29}"
29,1.221,-91,128,[],looks_show,[],{},"{'Punkte': 0, 'Zeit': 29}"
30,1.221,-91,121,[],motion_changeyby{math_number(NUM:-7)},[],{},"{'Punkte': 0, 'Zeit': 29}"
31,1.223,-91,121,[],control_if{sensing_touchingobject{TOUCHINGOBJECTMENU}},[],{},"{'Punkte': 0, 'Zeit': 29}"
32,1.225,-91,121,[],control_if{sensing_touchingcolor{COLOR}},[],{},"{'Punkte': 0, 'Zeit': 29}"
33,1.254,-91,121,[],looks_show,[],{},"{'Punkte': 0, 'Zeit': 29}"
34,1.254,-91,114,[],motion_changeyby{math_number(NUM:-7)},[],{},"{'Punkte': 0, 'Zeit': 29}"
35,1.254,-91,114,[],control_if{sensing_touchingobject{TOUCHINGOBJECTMENU}},[],{},"{'Punkte': 0, 'Zeit': 29}"
36,1.256,-91,114,[],control_if{sensing_touchingcolor{COLOR}},[],{},"{'Punkte': 0, 'Zeit': 29}"
37,1.287,-91,114,[],looks_show,[],{},"{'Punkte': 0, 'Zeit': 29}"
38,1.287,-91,107,[],motion_changeyby{math_number(NUM:-7)},[],{},"{'Punkte': 0, 'Zeit': 29}"
39,1.288,-91,107,[],control_if{sensing_touchingobject{TOUCHINGOBJECTMENU}},[],{},"{'Punkte': 0, 'Zeit': 29}"
40,1.289,-91,107,[],control_if{sensing_touchingcolor{COLOR}},[],{},"{'Punkte': 0, 'Zeit': 29}"
41,1.32,-91,107,[],looks_show,[],{},"{'Punkte': 0, 'Zeit': 29}"
42,1.32,-91,100,[],motion_changeyby{math_number(NUM:-7)},[],{},"{'Punkte': 0, 'Zeit': 29}"
43,1.321,-91,100,[],control_if{sensing_touchingobject{TOUCHINGOBJECTMENU}},[],{},"{'Punkte': 0, 'Zeit': 29}"
44,1.324,-91,100,[],control_if{sensing_touchingcolor{COLOR}},[],{},"{'Punkte': 0, 'Zeit': 29}"
45,1.353,-91,100,[],looks_show,[],{},"{'Punkte': 0, 'Zeit': 29}"
46,1.354,-91,93,[],motion_changeyby{math_number(NUM:-7)},[],{},"{'Punkte': 0, 'Zeit': 29}"
47,1.357,-91,93,[],control_if{sensing_touchingobject{TOUCHINGOBJECTMENU}},[],{},"{'Punkte': 0, 'Zeit': 29}"
48,1.361,-91,93,[],control_if{sensing_touchingcolor{COLOR}},[],{},"{'Punkte': 0, 'Zeit': 29}"
49,1.396,-91,93,[],looks_show,[],{},"{'Punkte': 0, 'Zeit': 29}"
50,1.397,-91,86,[],motion_changeyby{math_number(NUM:-7)},[],{},"{'Punkte': 0, 'Zeit': 29}"
51,1.398,-91,86,[],control_if{sensing_touchingobject{TOUCHINGOBJECTMENU}},[],{},"{'Punkte': 0, 'Zeit': 29}"
52,1.399,-91,86,[],control_if{sensing_touchingcolor{COLOR}},[],{},"{'Punkte': 0, 'Zeit': 29}"
53,1.429,-91,86,[],looks_show,[],{},"{'Punkte': 0, 'Zeit': 29}"
54,1.429,-91,79,[],motion_changeyby{math_number(NUM:-7)},[],{},"{'Punkte': 0, 'Zeit': 29}"
55,1.429,-91,79,[],control_if{sensing_touchingobject{TOUCHINGOBJECTMENU}},[],{},"{'Punkte': 0, 'Zeit': 29}"
56,1.43,-91,79,[],control_if{sensing_touchingcolor{COLOR}},[],{},"{'Punkte': 0, 'Zeit': 29}"
57,1.463,-91,79,[],looks_show,[],{},"{'Punkte': 0, 'Zeit': 29}"
58,1.464,-91,72,[],motion_changeyby{math_number(NUM:-7)},[],{},"{'Punkte': 0, 'Zeit': 29}"
59,1.466,-91,72,[],control_if{sensing_touchingobject{TOUCHINGOBJECTMENU}},[],{},"{'Punkte': 0, 'Zeit': 29}"
60,1.467,-91,72,[],control_if{sensing_touchingcolor{COLOR}},[],{},"{'Punkte': 0, 'Zeit': 29}"
61,1.496,-91,72,[],looks_show,[],{},"{'Punkte': 0, 'Zeit': 29}"
62,1.496,-91,65,[],motion_changeyby{math_number(NUM:-7)},[],{},"{'Punkte': 0, 'Zeit': 29}"
63,1.497,-91,65,[],control_if{sensing_touchingobject{TOUCHINGOBJECTMENU}},[],{},"{'Punkte': 0, 'Zeit': 29}"
64,1.499,-91,65,[],control_if{sensing_touchingcolor{COLOR}},[],{},"{'Punkte': 0, 'Zeit': 29}"
65,1.528,-91,65,[],looks_show,[],{},"{'Punkte': 0, 'Zeit': 29}"
66,1.528,-91,58,[],motion_changeyby{math_number(NUM:-7)},[],{},"{'Punkte': 0, 'Zeit': 29}"
67,1.528,-91,58,[],control_if{sensing_touchingobject{TOUCHINGOBJECTMENU}},[],{},"{'Punkte': 0, 'Zeit': 29}"
68,1.529,-91,58,[],control_if{sensing_touchingcolor{COLOR}},[],{},"{'Punkte': 0, 'Zeit': 29}"
69,1.561,-91,58,[],looks_show,[],{},"{'Punkte': 0, 'Zeit': 29}"
70,1.562,-91,51,[],motion_changeyby{math_number(NUM:-7)},[],{},"{'Punkte': 0, 'Zeit': 29}"
71,1.562,-91,51,[],control_if{sensing_touchingobject{TOUCHINGOBJECTMENU}},[],{},"{'Punkte': 0, 'Zeit': 29}"
72,1.562,-91,51,[],control_if{sensing_touchingcolor{COLOR}},[],{},"{'Punkte': 0, 'Zeit': 29}"
73,1.594,-91,51,[],looks_show,[],{},"{'Punkte': 0, 'Zeit': 29}"
74,1.596,-91,44,[],motion_changeyby{math_number(NUM:-7)},[],{},"{'Punkte': 0, 'Zeit': 29}"
75,1.596,-91,44,[],control_if{sensing_touchingobject{TOUCHINGOBJECTMENU}},[],{},"{'Punkte': 0, 'Zeit': 29}"
76,1.598,-91,44,[],control_if{sensing_touchingcolor{COLOR}},[],{},"{'Punkte': 0, 'Zeit': 29}"
77,1.628,-91,44,[],looks_show,[],{},"{'Punkte': 0, 'Zeit': 29}"
78,1.629,-91,37,[],motion_changeyby{math_number(NUM:-7)},[],{},"{'Punkte': 0, 'Zeit': 29}"
79,1.63,-91,37,[],control_if{sensing_touchingobject{TOUCHINGOBJECTMENU}},[],{},"{'Punkte': 0, 'Zeit': 29}"
80,1.633,-91,37,[],control_if{sensing_touchingcolor{COLOR}},[],{},"{'Punkte': 0, 'Zeit': 29}"
81,1.661,-91,37,[],looks_show,[],{},"{'Punkte': 0, 'Zeit': 29}"
82,1.662,-91,30,[],motion_changeyby{math_number(NUM:-7)},[],{},"{'Punkte': 0, 'Zeit': 29}"
83,1.663,-91,30,[],control_if{sensing_touchingobject{TOUCHINGOBJECTMENU}},[],{},"{'Punkte': 0, 'Zeit': 29}"
84,1.664,-91,30,[],control_if{sensing_touchingcolor{COLOR}},[],{},"{'Punkte': 0, 'Zeit': 29}"
85,1.694,-91,30,[],looks_show,[],{},"{'Punkte': 0, 'Zeit': 29}"
86,1.696,-91,23,[],motion_changeyby{math_number(NUM:-7)},[],{},"{'Punkte': 0, 'Zeit': 29}"
87,1.696,-91,23,[],control_if{sensing_touchingobject{TOUCHINGOBJECTMENU}},[],{},"{'Punkte': 0, 'Zeit': 29}"
88,1.698,-91,23,[],control_if{sensing_touchingcolor{COLOR}},[],{},"{'Punkte': 0, 'Zeit': 29}"
89,1.728,-91,23,[],looks_show,[],{},"{'Punkte': 0, 'Zeit': 29}"
90,1.728,-91,16,[],motion_changeyby{math_number(NUM:-7)},[],{},"{'Punkte': 0, 'Zeit': 29}"
91,1.73,-91,16,[],control_if{sensing_touchingobject{TOUCHINGOBJECTMENU}},[],{},"{'Punkte': 0, 'Zeit': 29}"
92,1.732,-91,16,[],control_if{sensing_touchingcolor{COLOR}},[],{},"{'Punkte': 0, 'Zeit': 29}"
93,1.762,-91,16,[],looks_show,[],{},"{'Punkte': 0, 'Zeit': 29}"
94,1.762,-91,9,[],motion_changeyby{math_number(NUM:-7)},[],{},"{'Punkte': 0, 'Zeit': 29}"
95,1.762,-91,9,[],control_if{sensing_touchingobject{TOUCHINGOBJECTMENU}},[],{},"{'Punkte': 0, 'Zeit': 29}"
96,1.763,-91,9,[],control_if{sensing_touchingcolor{COLOR}},[],{},"{'Punkte': 0, 'Zeit': 29}"
97,1.794,-91,9,[],looks_show,[],{},"{'Punkte': 0, 'Zeit': 29}"
98,1.795,-91,2,[],motion_changeyby{math_number(NUM:-7)},[],{},"{'Punkte': 0, 'Zeit': 29}"
99,1.796,-91,2,[],control_if{sensing_touchingobject{TOUCHINGOBJECTMENU}},[],{},"{'Punkte': 0, 'Zeit': 29}"
100,1.799,-91,2,[],control_if{sensing_touchingcolor{COLOR}},[],{},"{'Punkte': 0, 'Zeit': 29}"
101,1.83,-91,2,[],looks_show,[],{},"{'Punkte': 0, 'Zeit': 29}"
102,1.83,-91,-5,[],motion_changeyby{math_number(NUM:-7)},[],{},"{'Punkte': 0, 'Zeit': 29}"
103,1.831,-91,-5,[],control_if{sensing_touchingobject{TOUCHINGOBJECTMENU}},[],{},"{'Punkte': 0, 'Zeit': 29}"
104,1.835,-91,-5,[],control_if{sensing_touchingcolor{COLOR}},[],{},"{'Punkte': 0, 'Zeit': 29}"
105,1.863,-91,-5,[],looks_show,[],{},"{'Punkte': 0, 'Zeit': 29}"
106,1.863,-91,-12,[],motion_changeyby{math_number(NUM:-7)},[],{},"{'Punkte': 0, 'Zeit': 29}"
107,1.864,-91,-12,[],control_if{sensing_touchingobject{TOUCHINGOBJECTMENU}},[],{},"{'Punkte': 0, 'Zeit': 29}"
108,1.867,-91,-12,[],control_if{sensing_touchingcolor{COLOR}},[],{},"{'Punkte': 0, 'Zeit': 29}"
109,1.896,-91,-12,[],looks_show,['Left'],{},"{'Punkte': 0, 'Zeit': 29}"
110,1.896,-91,-19,[],motion_changeyby{math_number(NUM:-7)},['Left'],{},"{'Punkte': 0, 'Zeit': 29}"
111,1.897,-91,-19,[],control_if{sensing_touchingobject{TOUCHINGOBJECTMENU}},['Left'],{},"{'Punkte': 0, 'Zeit': 29}"
112,1.899,-91,-19,[],control_if{sensing_touchingcolor{COLOR}},['Left'],{},"{'Punkte': 0, 'Zeit': 29}"
113,1.929,-91,-19,[],looks_show,['Left'],{},"{'Punkte': 5, 'Zeit': 29}"
114,1.929,-91,-26,[],motion_changeyby{math_number(NUM:-7)},['Left'],{},"{'Punkte': 5, 'Zeit': 29}"
115,1.93,-91,-26,[],control_if{sensing_touchingobject{TOUCHINGOBJECTMENU}},['Left'],{},"{'Punkte': 5, 'Zeit': 29}"
116,1.931,-91,-26,[],control_if{sensing_touchingcolor{COLOR}},['Left'],{},"{'Punkte': 5, 'Zeit': 29}"
117,1.962,-91,-26,[],looks_show,['Left'],{},"{'Punkte': 5, 'Zeit': 29}"
118,1.962,-91,-33,[],motion_changeyby{math_number(NUM:-7)},['Left'],{},"{'Punkte': 5, 'Zeit': 29}"
119,1.962,-91,-33,[],control_if{sensing_touchingobject{TOUCHINGOBJECTMENU}},['Left'],{},"{'Punkte': 5, 'Zeit': 29}"
120,1.963,-91,-33,[],control_if{sensing_touchingcolor{COLOR}},['Left'],{},"{'Punkte': 5, 'Zeit': 29}"
121,1.999,-91,-33,[],looks_show,['Left'],{},"{'Punkte': 5, 'Zeit': 29}"
122,2.0,-91,-40,[],motion_changeyby{math_number(NUM:-7)},['Left'],{},"{'Punkte': 5, 'Zeit': 29}"
123,2.001,-91,-40,[],control_if{sensing_touchingobject{TOUCHINGOBJECTMENU}},['Left'],{},"{'Punkte': 5, 'Zeit': 29}"
124,2.003,-91,-40,[],control_if{sensing_touchingcolor{COLOR}},['Left'],{},"{'Punkte': 5, 'Zeit': 29}"
125,2.028,-91,-40,[],looks_show,['Left'],{},"{'Punkte': 5, 'Zeit': 29}"
126,2.028,-91,-47,[],motion_changeyby{math_number(NUM:-7)},['Left'],{},"{'Punkte': 5, 'Zeit': 29}"
127,2.029,-91,-47,[],control_if{sensing_touchingobject{TOUCHINGOBJECTMENU}},['Left'],{},"{'Punkte': 5, 'Zeit': 29}"
128,2.03,-91,-47,[],control_if{sensing_touchingcolor{COLOR}},['Left'],{},"{'Punkte': 5, 'Zeit': 29}"
129,2.062,-91,-47,[],looks_show,['Left'],{},"{'Punkte': 5, 'Zeit': 29}"
130,2.062,-91,-54,[],motion_changeyby{math_number(NUM:-7)},['Left'],{},"{'Punkte': 5, 'Zeit': 29}"
131,2.062,-91,-54,[],control_if{sensing_touchingobject{TOUCHINGOBJECTMENU}},['Left'],{},"{'Punkte': 5, 'Zeit': 29}"
132,2.062,-91,-54,[],control_if{sensing_touchingcolor{COLOR}},['Left'],{},"{'Punkte': 5, 'Zeit': 29}"
133,2.094,-91,-54,[],looks_show,['Left'],{},"{'Punkte': 5, 'Zeit': 29}"
134,2.094,-91,-61,[],motion_changeyby{math_number(NUM:-7)},['Left'],{},"{'Punkte': 5, 'Zeit': 29}"
135,2.095,-91,-61,[],control_if{sensing_touchingobject{TOUCHINGOBJECTMENU}},['Left'],{},"{'Punkte': 5, 'Zeit': 29}"
136,2.095,-91,-61,[],control_if{sensing_touchingcolor{COLOR}},['Left'],{},"{'Punkte': 5, 'Zeit': 29}"
137,2.128,-91,-61,[],looks_show,['Left'],{},"{'Punkte': 5, 'Zeit': 28}"
138,2.128,-91,-68,[],motion_changeyby{math_number(NUM:-7)},['Left'],{},"{'Punkte': 5, 'Zeit': 28}"
139,2.128,-91,-68,[],control_if{sensing_touchingobject{TOUCHINGOBJECTMENU}},['Left'],{},"{'Punkte': 5, 'Zeit': 28}"
140,2.128,-91,-68,[],control_if{sensing_touchingcolor{COLOR}},['Left'],{},"{'Punkte': 5, 'Zeit': 28}"
141,2.161,-91,-68,[],looks_show,['Left'],{},"{'Punkte': 5, 'Zeit': 28}"
142,2.161,-91,-75,[],motion_changeyby{math_number(NUM:-7)},['Left'],{},"{'Punkte': 5, 'Zeit': 28}"
143,2.161,-91,-75,[],control_if{sensing_touchingobject{TOUCHINGOBJECTMENU}},['Left'],{},"{'Punkte': 5, 'Zeit': 28}"
144,2.162,-91,-75,[],control_if{sensing_touchingcolor{COLOR}},['Left'],{},"{'Punkte': 5, 'Zeit': 28}"
145,2.194,-91,-75,[],looks_show,['Left'],{},"{'Punkte': 5, 'Zeit': 28}"
146,2.195,-91,-82,[],motion_changeyby{math_number(NUM:-7)},['Left'],{},"{'Punkte': 5, 'Zeit': 28}"
147,2.195,-91,-82,[],control_if{sensing_touchingobject{TOUCHINGOBJECTMENU}},['Left'],{},"{'Punkte': 5, 'Zeit': 28}"
148,2.195,-91,-82,[],control_if{sensing_touchingcolor{COLOR}},['Left'],{},"{'Punkte': 5, 'Zeit': 28}"
149,2.227,-91,-82,[],looks_show,['Left'],{},"{'Punkte': 5, 'Zeit': 28}"
150,2.227,-91,-89,[],motion_changeyby{math_number(NUM:-7)},['Left'],{},"{'Punkte': 5, 'Zeit': 28}"
151,2.227,-91,-89,[],control_if{sensing_touchingobject{TOUCHINGOBJECTMENU}},['Left'],{},"{'Punkte': 5, 'Zeit': 28}"
152,2.228,-91,-89,[],control_if{sensing_touchingcolor{COLOR}},['Left'],{},"{'Punkte': 5, 'Zeit': 28}"
153,2.261,-91,-89,[],looks_show,['Left'],{},"{'Punkte': 5, 'Zeit': 28}"
154,2.261,-91,-96,[],motion_changeyby{math_number(NUM:-7)},['Left'],{},"{'Punkte': 5, 'Zeit': 28}"
155,2.261,-91,-96,[],control_if{sensing_touchingobject{TOUCHINGOBJECTMENU}},['Left'],{},"{'Punkte': 5, 'Zeit': 28}"
156,2.262,-91,-96,[],control_if{sensing_touchingcolor{COLOR}},['Left'],{},"{'Punkte': 5, 'Zeit': 28}"
157,2.293,-91,-96,[],looks_show,['Left'],{},"{'Punkte': 5, 'Zeit': 28}"
158,2.294,-91,-103,[],motion_changeyby{math_number(NUM:-7)},['Left'],{},"{'Punkte': 5, 'Zeit': 28}"
159,2.294,-91,-103,[],control_if{sensing_touchingobject{TOUCHINGOBJECTMENU}},['Left'],{},"{'Punkte': 5, 'Zeit': 28}"
160,2.294,-91,-103,[],control_if{sensing_touchingcolor{COLOR}},['Left'],{},"{'Punkte': 5, 'Zeit': 28}"
161,2.326,-91,-103,[],looks_show,[],{},"{'Punkte': 5, 'Zeit': 28}"
162,2.327,-91,-110,['Bowl'],motion_changeyby{math_number(NUM:-7)},[],{},"{'Punkte': 5, 'Zeit': 28}"
163,2.327,-91,-110,['Bowl'],data_changevariableby(VARIABLE:Punkte){math_number(NUM:8)},[],{},"{'Punkte': 13, 'Zeit': 28}"
164,2.327,-91,-110,[],looks_hide,[],{},"{'Punkte': 13, 'Zeit': 28}"
165,2.327,-153,98,[],motion_goto{motion_goto_menu(TO:_random_)},[],{},"{'Punkte': 13, 'Zeit': 28}"
166,2.328,-153,170,[],motion_sety{math_number(NUM:170)},[],{},"{'Punkte': 13, 'Zeit': 28}"
167,2.328,-153,170,[],looks_show,[],{},"{'Punkte': 13, 'Zeit': 28}"
168,2.328,-153,170,[],control_if{sensing_touchingobject{TOUCHINGOBJECTMENU}},[],{},"{'Punkte': 13, 'Zeit': 28}"
169,2.329,-153,170,[],control_if{sensing_touchingcolor{COLOR}},[],{},"{'Punkte': 13, 'Zeit': 28}"
170,2.36,-153,170,[],looks_show,[],{},"{'Punkte': 13, 'Zeit': 28}"
171,2.36,-153,163,[],motion_changeyby{math_number(NUM:-7)},[],{},"{'Punkte': 13, 'Zeit': 28}"
172,2.36,-153,163,[],control_if{sensing_touchingobject{TOUCHINGOBJECTMENU}},[],{},"{'Punkte': 13, 'Zeit': 28}"
173,2.36,-153,163,[],control_if{sensing_touchingcolor{COLOR}},[],{},"{'Punkte': 13, 'Zeit': 28}"
174,2.393,-153,163,[],looks_show,[],{},"{'Punkte': 13, 'Zeit': 28}"
175,2.393,-153,156,[],motion_changeyby{math_number(NUM:-7)},[],{},"{'Punkte': 13, 'Zeit': 28}"
176,2.393,-153,156,[],control_if{sensing_touchingobject{TOUCHINGOBJECTMENU}},[],{},"{'Punkte': 13, 'Zeit': 28}"
177,2.394,-153,156,[],control_if{sensing_touchingcolor{COLOR}},[],{},"{'Punkte': 13, 'Zeit': 28}"
178,2.426,-153,156,[],looks_show,[],{},"{'Punkte': 13, 'Zeit': 28}"
179,2.427,-153,149,[],motion_changeyby{math_number(NUM:-7)},[],{},"{'Punkte': 13, 'Zeit': 28}"
180,2.427,-153,149,[],control_if{sensing_touchingobject{TOUCHINGOBJECTMENU}},[],{},"{'Punkte': 13, 'Zeit': 28}"
181,2.428,-153,149,[],control_if{sensing_touchingcolor{COLOR}},[],{},"{'Punkte': 13, 'Zeit': 28}"
182,2.459,-153,149,[],looks_show,[],{},"{'Punkte': 13, 'Zeit': 28}"
183,2.459,-153,142,[],motion_changeyby{math_number(NUM:-7)},[],{},"{'Punkte': 13, 'Zeit': 28}"
184,2.46,-153,142,[],control_if{sensing_touchingobject{TOUCHINGOBJECTMENU}},[],{},"{'Punkte': 13, 'Zeit': 28}"
185,2.461,-153,142,[],control_if{sensing_touchingcolor{COLOR}},[],{},"{'Punkte': 13, 'Zeit': 28}"
186,2.493,-153,142,[],looks_show,[],{},"{'Punkte': 13, 'Zeit': 28}"
187,2.494,-153,135,[],motion_changeyby{math_number(NUM:-7)},[],{},"{'Punkte': 13, 'Zeit': 28}"
188,2.495,-153,135,[],control_if{sensing_touchingobject{TOUCHINGOBJECTMENU}},[],{},"{'Punkte': 13, 'Zeit': 28}"
189,2.498,-153,135,[],control_if{sensing_touchingcolor{COLOR}},[],{},"{'Punkte': 13, 'Zeit': 28}"
190,2.528,-153,135,[],looks_show,['Right'],{},"{'Punkte': 13, 'Zeit': 28}"
191,2.529,-153,128,[],motion_changeyby{math_number(NUM:-7)},['Right'],{},"{'Punkte': 13, 'Zeit': 28}"
192,2.53,-153,128,[],control_if{sensing_touchingobject{TOUCHINGOBJECTMENU}},['Right'],{},"{'Punkte': 13, 'Zeit': 28}"
193,2.532,-153,128,[],control_if{sensing_touchingcolor{COLOR}},['Right'],{},"{'Punkte': 13, 'Zeit': 28}"
194,2.561,-153,128,[],looks_show,['Right'],{},"{'Punkte': 13, 'Zeit': 28}"
195,2.561,-153,121,[],motion_changeyby{math_number(NUM:-7)},['Right'],{},"{'Punkte': 13, 'Zeit': 28}"
196,2.561,-153,121,[],control_if{sensing_touchingobject{TOUCHINGOBJECTMENU}},['Right'],{},"{'Punkte': 13, 'Zeit': 28}"
197,2.563,-153,121,[],control_if{sensing_touchingcolor{COLOR}},['Right'],{},"{'Punkte': 13, 'Zeit': 28}"
198,2.595,-153,121,[],looks_show,['Right'],{},"{'Punkte': 13, 'Zeit': 28}"
199,2.595,-153,114,[],motion_changeyby{math_number(NUM:-7)},['Right'],{},"{'Punkte': 13, 'Zeit': 28}"
200,2.595,-153,114,[],control_if{sensing_touchingobject{TOUCHINGOBJECTMENU}},['Right'],{},"{'Punkte': 13, 'Zeit': 28}"
201,2.596,-153,114,[],control_if{sensing_touchingcolor{COLOR}},['Right'],{},"{'Punkte': 13, 'Zeit': 28}"
202,2.628,-153,114,[],looks_show,['Right'],{},"{'Punkte': 13, 'Zeit': 28}"
203,2.628,-153,107,[],motion_changeyby{math_number(NUM:-7)},['Right'],{},"{'Punkte': 13, 'Zeit': 28}"
204,2.629,-153,107,[],control_if{sensing_touchingobject{TOUCHINGOBJECTMENU}},['Right'],{},"{'Punkte': 13, 'Zeit': 28}"
205,2.632,-153,107,[],control_if{sensing_touchingcolor{COLOR}},['Right'],{},"{'Punkte': 13, 'Zeit': 28}"
206,2.662,-153,107,[],looks_show,['Right'],{},"{'Punkte': 13, 'Zeit': 28}"
207,2.663,-153,100,[],motion_changeyby{math_number(NUM:-7)},['Right'],{},"{'Punkte': 13, 'Zeit': 28}"
208,2.663,-153,100,[],control_if{sensing_touchingobject{TOUCHINGOBJECTMENU}},['Right'],{},"{'Punkte': 13, 'Zeit': 28}"
209,2.666,-153,100,[],control_if{sensing_touchingcolor{COLOR}},['Right'],{},"{'Punkte': 13, 'Zeit': 28}"
210,2.695,-153,100,[],looks_show,['Right'],{},"{'Punkte': 13, 'Zeit': 28}"
211,2.695,-153,93,[],motion_changeyby{math_number(NUM:-7)},['Right'],{},"{'Punkte': 13, 'Zeit': 28}"
212,2.697,-153,93,[],control_if{sensing_touchingobject{TOUCHINGOBJECTMENU}},['Right'],{},"{'Punkte': 13, 'Zeit': 28}"
213,2.698,-153,93,[],control_if{sensing_touchingcolor{COLOR}},['Right'],{},"{'Punkte': 13, 'Zeit': 28}"
214,2.729,-153,93,[],looks_show,['Right'],{},"{'Punkte': 13, 'Zeit': 28}"
215,2.729,-153,86,[],motion_changeyby{math_number(NUM:-7)},['Right'],{},"{'Punkte': 13, 'Zeit': 28}"
216,2.73,-153,86,[],control_if{sensing_touchingobject{TOUCHINGOBJECTMENU}},['Right'],{},"{'Punkte': 13, 'Zeit': 28}"
217,2.733,-153,86,[],control_if{sensing_touchingcolor{COLOR}},['Right'],{},"{'Punkte': 13, 'Zeit': 28}"
218,2.762,-153,86,[],looks_show,['Right'],{},"{'Punkte': 13, 'Zeit': 28}"
219,2.762,-153,79,[],motion_changeyby{math_number(NUM:-7)},['Right'],{},"{'Punkte': 13, 'Zeit': 28}"
220,2.763,-153,79,[],control_if{sensing_touchingobject{TOUCHINGOBJECTMENU}},['Right'],{},"{'Punkte': 13, 'Zeit': 28}"
221,2.763,-153,79,[],control_if{sensing_touchingcolor{COLOR}},['Right'],{},"{'Punkte': 13, 'Zeit': 28}"
222,2.795,-153,79,[],looks_show,[],{},"{'Punkte': 13, 'Zeit': 28}"
223,2.796,-153,72,[],motion_changeyby{math_number(NUM:-7)},[],{},"{'Punkte': 13, 'Zeit': 28}"
224,2.796,-153,72,[],control_if{sensing_touchingobject{TOUCHINGOBJECTMENU}},[],{},"{'Punkte': 13, 'Zeit': 28}"
225,2.797,-153,72,[],control_if{sensing_touchingcolor{COLOR}},[],{},"{'Punkte': 13, 'Zeit': 28}"
226,2.829,-153,72,[],looks_show,['Left'],{},"{'Punkte': 13, 'Zeit': 28}"
227,2.829,-153,65,[],motion_changeyby{math_number(NUM:-7)},['Left'],{},"{'Punkte': 13, 'Zeit': 28}"
228,2.829,-153,65,[],control_if{sensing_touchingobject{TOUCHINGOBJECTMENU}},['Left'],{},"{'Punkte': 13, 'Zeit': 28}"
229,2.83,-153,65,[],control_if{sensing_touchingcolor{COLOR}},['Left'],{},"{'Punkte': 13, 'Zeit': 28}"
230,2.861,-153,65,[],looks_show,['Left'],{},"{'Punkte': 13, 'Zeit': 28}"
231,2.862,-153,58,[],motion_changeyby{math_number(NUM:-7)},['Left'],{},"{'Punkte': 13, 'Zeit': 28}"
232,2.863,-153,58,[],control_if{sensing_touchingobject{TOUCHINGOBJECTMENU}},['Left'],{},"{'Punkte': 13, 'Zeit': 28}"
233,2.866,-153,58,[],control_if{sensing_touchingcolor{COLOR}},['Left'],{},"{'Punkte': 13, 'Zeit': 28}"
234,2.896,-153,58,[],looks_show,['Left'],{},"{'Punkte': 13, 'Zeit': 28}"
235,2.896,-153,51,[],motion_changeyby{math_number(NUM:-7)},['Left'],{},"{'Punkte': 13, 'Zeit': 28}"
236,2.897,-153,51,[],control_if{sensing_touchingobject{TOUCHINGOBJECTMENU}},['Left'],{},"{'Punkte': 13, 'Zeit': 28}"
237,2.899,-153,51,[],control_if{sensing_touchingcolor{COLOR}},['Left'],{},"{'Punkte': 13, 'Zeit': 28}"
238,2.929,-153,51,[],looks_show,['Left'],{},"{'Punkte': 13, 'Zeit': 28}"
239,2.929,-153,44,[],motion_changeyby{math_number(NUM:-7)},['Left'],{},"{'Punkte': 13, 'Zeit': 28}"
240,2.929,-153,44,[],control_if{sensing_touchingobject{TOUCHINGOBJECTMENU}},['Left'],{},"{'Punkte': 13, 'Zeit': 28}"
241,2.93,-153,44,[],control_if{sensing_touchingcolor{COLOR}},['Left'],{},"{'Punkte': 13, 'Zeit': 28}"
242,2.962,-153,44,[],looks_show,['Left'],{},"{'Punkte': 13, 'Zeit': 28}"
243,2.962,-153,37,[],motion_changeyby{math_number(NUM:-7)},['Left'],{},"{'Punkte': 13, 'Zeit': 28}"
244,2.962,-153,37,[],control_if{sensing_touchingobject{TOUCHINGOBJECTMENU}},['Left'],{},"{'Punkte': 13, 'Zeit': 28}"
245,2.963,-153,37,[],control_if{sensing_touchingcolor{COLOR}},['Left'],{},"{'Punkte': 13, 'Zeit': 28}"
246,2.996,-153,37,[],looks_show,['Left'],{},"{'Punkte': 13, 'Zeit': 28}"
247,2.996,-153,30,[],motion_changeyby{math_number(NUM:-7)},['Left'],{},"{'Punkte': 13, 'Zeit': 28}"
248,2.996,-153,30,[],control_if{sensing_touchingobject{TOUCHINGOBJECTMENU}},['Left'],{},"{'Punkte': 13, 'Zeit': 28}"
249,2.996,-153,30,[],control_if{sensing_touchingcolor{COLOR}},['Left'],{},"{'Punkte': 13, 'Zeit': 28}"
250,3.029,-153,30,[],looks_show,['Left'],{},"{'Punkte': 13, 'Zeit': 28}"
251,3.03,-153,23,[],motion_changeyby{math_number(NUM:-7)},['Left'],{},"{'Punkte': 13, 'Zeit': 28}"
252,3.03,-153,23,[],control_if{sensing_touchingobject{TOUCHINGOBJECTMENU}},['Left'],{},"{'Punkte': 13, 'Zeit': 28}"
253,3.031,-153,23,[],control_if{sensing_touchingcolor{COLOR}},['Left'],{},"{'Punkte': 13, 'Zeit': 28}"
254,3.062,-153,23,[],looks_show,['Left'],{},"{'Punkte': 13, 'Zeit': 28}"
255,3.063,-153,16,[],motion_changeyby{math_number(NUM:-7)},['Left'],{},"{'Punkte': 13, 'Zeit': 28}"
256,3.063,-153,16,[],control_if{sensing_touchingobject{TOUCHINGOBJECTMENU}},['Left'],{},"{'Punkte': 13, 'Zeit': 28}"
257,3.065,-153,16,[],control_if{sensing_touchingcolor{COLOR}},['Left'],{},"{'Punkte': 13, 'Zeit': 28}"
258,3.096,-153,16,[],looks_show,['Left'],{},"{'Punkte': 13, 'Zeit': 28}"
259,3.096,-153,9,[],motion_changeyby{math_number(NUM:-7)},['Left'],{},"{'Punkte': 13, 'Zeit': 28}"
260,3.096,-153,9,[],control_if{sensing_touchingobject{TOUCHINGOBJECTMENU}},['Left'],{},"{'Punkte': 13, 'Zeit': 28}"
261,3.096,-153,9,[],control_if{sensing_touchingcolor{COLOR}},['Left'],{},"{'Punkte': 13, 'Zeit': 28}"
262,3.129,-153,9,[],looks_show,['Left'],{},"{'Punkte': 13, 'Zeit': 28}"
263,3.129,-153,2,[],motion_changeyby{math_number(NUM:-7)},['Left'],{},"{'Punkte': 13, 'Zeit': 28}"
264,3.129,-153,2,[],control_if{sensing_touchingobject{TOUCHINGOBJECTMENU}},['Left'],{},"{'Punkte': 13, 'Zeit': 28}"
265,3.131,-153,2,[],control_if{sensing_touchingcolor{COLOR}},['Left'],{},"{'Punkte': 13, 'Zeit': 28}"
266,3.161,-153,2,[],looks_show,['Left'],{},"{'Punkte': 13, 'Zeit': 28}"
267,3.161,-153,-5,[],motion_changeyby{math_number(NUM:-7)},['Left'],{},"{'Punkte': 13, 'Zeit': 28}"
268,3.162,-153,-5,[],control_if{sensing_touchingobject{TOUCHINGOBJECTMENU}},['Left'],{},"{'Punkte': 13, 'Zeit': 28}"
269,3.162,-153,-5,[],control_if{sensing_touchingcolor{COLOR}},['Left'],{},"{'Punkte': 13, 'Zeit': 28}"
270,3.194,-153,-5,[],looks_show,['Left'],{},"{'Punkte': 13, 'Zeit': 27}"
271,3.194,-153,-12,[],motion_changeyby{math_number(NUM:-7)},['Left'],{},"{'Punkte': 13, 'Zeit': 27}"
272,3.195,-153,-12,[],control_if{sensing_touchingobject{TOUCHINGOBJECTMENU}},['Left'],{},"{'Punkte': 13, 'Zeit': 27}"
273,3.196,-153,-12,[],control_if{sensing_touchingcolor{COLOR}},['Left'],{},"{'Punkte': 13, 'Zeit': 27}"
274,3.227,-153,-12,[],looks_show,['Left'],{},"{'Punkte': 13, 'Zeit': 27}"
275,3.228,-153,-19,[],motion_changeyby{math_number(NUM:-7)},['Left'],{},"{'Punkte': 13, 'Zeit': 27}"
276,3.228,-153,-19,[],control_if{sensing_touchingobject{TOUCHINGOBJECTMENU}},['Left'],{},"{'Punkte': 13, 'Zeit': 27}"
277,3.229,-153,-19,[],control_if{sensing_touchingcolor{COLOR}},['Left'],{},"{'Punkte': 13, 'Zeit': 27}"
278,3.261,-153,-19,[],looks_show,['Left'],{},"{'Punkte': 13, 'Zeit': 27}"
279,3.261,-153,-26,[],motion_changeyby{math_number(NUM:-7)},['Left'],{},"{'Punkte': 13, 'Zeit': 27}"
280,3.261,-153,-26,[],control_if{sensing_touchingobject{TOUCHINGOBJECTMENU}},['Left'],{},"{'Punkte': 13, 'Zeit': 27}"
281,3.262,-153,-26,[],control_if{sensing_touchingcolor{COLOR}},['Left'],{},"{'Punkte': 13, 'Zeit': 27}"
282,3.294,-153,-26,[],looks_show,['Left'],{},"{'Punkte': 13, 'Zeit': 27}"
283,3.295,-153,-33,[],motion_changeyby{math_number(NUM:-7)},['Left'],{},"{'Punkte': 13, 'Zeit': 27}"
284,3.295,-153,-33,[],control_if{sensing_touchingobject{TOUCHINGOBJECTMENU}},['Left'],{},"{'Punkte': 13, 'Zeit': 27}"
285,3.295,-153,-33,[],control_if{sensing_touchingcolor{COLOR}},['Left'],{},"{'Punkte': 13, 'Zeit': 27}"
286,3.327,-153,-33,[],looks_show,[],{},"{'Punkte': 13, 'Zeit': 27}"
287,3.327,-153,-40,[],motion_changeyby{math_number(NUM:-7)},[],{},"{'Punkte': 13, 'Zeit': 27}"
288,3.328,-153,-40,[],control_if{sensing_touchingobject{TOUCHINGOBJECTMENU}},[],{},"{'Punkte': 13, 'Zeit': 27}"
289,3.328,-153,-40,[],control_if{sensing_touchingcolor{COLOR}},[],{},"{'Punkte': 13, 'Zeit': 27}"
290,3.36,-153,-40,[],looks_show,[],{},"{'Punkte': 13, 'Zeit': 27}"
291,3.36,-153,-47,[],motion_changeyby{math_number(NUM:-7)},[],{},"{'Punkte': 13, 'Zeit': 27}"
292,3.361,-153,-47,[],control_if{sensing_touchingobject{TOUCHINGOBJECTMENU}},[],{},"{'Punkte': 13, 'Zeit': 27}"
293,3.362,-153,-47,[],control_if{sensing_touchingcolor{COLOR}},[],{},"{'Punkte': 13, 'Zeit': 27}"
294,3.393,-153,-47,[],looks_show,[],{},"{'Punkte': 13, 'Zeit': 27}"
295,3.393,-153,-54,[],motion_changeyby{math_number(NUM:-7)},[],{},"{'Punkte': 13, 'Zeit': 27}"
296,3.393,-153,-54,[],control_if{sensing_touchingobject{TOUCHINGOBJECTMENU}},[],{},"{'Punkte': 13, 'Zeit': 27}"
297,3.394,-153,-54,[],control_if{sensing_touchingcolor{COLOR}},[],{},"{'Punkte': 13, 'Zeit': 27}"
298,3.426,-153,-54,[],looks_show,[],{},"{'Punkte': 13, 'Zeit': 27}"
299,3.426,-153,-61,[],motion_changeyby{math_number(NUM:-7)},[],{},"{'Punkte': 13, 'Zeit': 27}"
300,3.427,-153,-61,[],control_if{sensing_touchingobject{TOUCHINGOBJECTMENU}},[],{},"{'Punkte': 13, 'Zeit': 27}"
301,3.428,-153,-61,[],control_if{sensing_touchingcolor{COLOR}},[],{},"{'Punkte': 13, 'Zeit': 27}"
302,3.46,-153,-61,[],looks_show,[],{},"{'Punkte': 13, 'Zeit': 27}"
303,3.46,-153,-68,[],motion_changeyby{math_number(NUM:-7)},[],{},"{'Punkte': 13, 'Zeit': 27}"
304,3.46,-153,-68,[],control_if{sensing_touchingobject{TOUCHINGOBJECTMENU}},[],{},"{'Punkte': 13, 'Zeit': 27}"
305,3.461,-153,-68,[],control_if{sensing_touchingcolor{COLOR}},[],{},"{'Punkte': 13, 'Zeit': 27}"
306,3.493,-153,-68,[],looks_show,[],{},"{'Punkte': 13, 'Zeit': 27}"
307,3.493,-153,-75,[],motion_changeyby{math_number(NUM:-7)},[],{},"{'Punkte': 13, 'Zeit': 27}"
308,3.493,-153,-75,[],control_if{sensing_touchingobject{TOUCHINGOBJECTMENU}},[],{},"{'Punkte': 13, 'Zeit': 27}"
309,3.494,-153,-75,[],control_if{sensing_touchingcolor{COLOR}},[],{},"{'Punkte': 13, 'Zeit': 27}"
310,3.527,-153,-75,[],looks_show,[],{},"{'Punkte': 13, 'Zeit': 27}"
311,3.527,-153,-82,[],motion_changeyby{math_number(NUM:-7)},[],{},"{'Punkte': 13, 'Zeit': 27}"
312,3.528,-153,-82,[],control_if{sensing_touchingobject{TOUCHINGOBJECTMENU}},[],{},"{'Punkte': 13, 'Zeit': 27}"
313,3.53,-153,-82,[],control_if{sensing_touchingcolor{COLOR}},[],{},"{'Punkte': 13, 'Zeit': 27}"
314,3.562,-153,-82,[],looks_show,[],{},"{'Punkte': 13, 'Zeit': 27}"
315,3.562,-153,-89,[],motion_changeyby{math_number(NUM:-7)},[],{},"{'Punkte': 13, 'Zeit': 27}"
316,3.564,-153,-89,[],control_if{sensing_touchingobject{TOUCHINGOBJECTMENU}},[],{},"{'Punkte': 13, 'Zeit': 27}"
317,3.565,-153,-89,[],control_if{sensing_touchingcolor{COLOR}},[],{},"{'Punkte': 13, 'Zeit': 27}"
318,3.594,-153,-89,[],looks_show,[],{},"{'Punkte': 13, 'Zeit': 27}"
319,3.595,-153,-96,[],motion_changeyby{math_number(NUM:-7)},[],{},"{'Punkte': 13, 'Zeit': 27}"
320,3.596,-153,-96,[],control_if{sensing_touchingobject{TOUCHINGOBJECTMENU}},[],{},"{'Punkte': 13, 'Zeit': 27}"
321,3.596,-153,-96,[],control_if{sensing_touchingcolor{COLOR}},[],{},"{'Punkte': 13, 'Zeit': 27}"
322,3.628,-153,-96,[],looks_show,[],{},"{'Punkte': 13, 'Zeit': 27}"
323,3.628,-153,-103,[],motion_changeyby{math_number(NUM:-7)},[],{},"{'Punkte': 13, 'Zeit': 27}"
324,3.629,-153,-103,[],control_if{sensing_touchingobject{TOUCHINGOBJECTMENU}},[],{},"{'Punkte': 13, 'Zeit': 27}"
325,3.631,-153,-103,[],control_if{sensing_touchingcolor{COLOR}},[],{},"{'Punkte': 13, 'Zeit': 27}"
326,3.662,-153,-103,[],looks_show,[],{},"{'Punkte': 13, 'Zeit': 27}"
327,3.663,-153,-110,['Bowl'],motion_changeyby{math_number(NUM:-7)},[],{},"{'Punkte': 13, 'Zeit': 27}"
328,3.664,-153,-110,['Bowl'],data_changevariableby(VARIABLE:Punkte){math_number(NUM:8)},[],{},"{'Punkte': 21, 'Zeit': 27}"
329,3.665,-153,-110,[],looks_hide,[],{},"{'Punkte': 21, 'Zeit': 27}"
330,3.665,92,-4,[],motion_goto{motion_goto_menu(TO:_random_)},[],{},"{'Punkte': 21, 'Zeit': 27}"
331,3.665,92,170,[],motion_sety{math_number(NUM:170)},[],{},"{'Punkte': 21, 'Zeit': 27}"
332,3.666,92,170,[],looks_show,[],{},"{'Punkte': 21, 'Zeit': 27}"
333,3.666,92,170,[],control_if{sensing_touchingobject{TOUCHINGOBJECTMENU}},[],{},"{'Punkte': 21, 'Zeit': 27}"
334,3.667,92,170,[],control_if{sensing_touchingcolor{COLOR}},[],{},"{'Punkte': 21, 'Zeit': 27}"
335,3.695,92,170,[],looks_show,[],{},"{'Punkte': 21, 'Zeit': 27}"
336,3.695,92,163,[],motion_changeyby{math_number(NUM:-7)},[],{},"{'Punkte': 21, 'Zeit': 27}"
337,3.695,92,163,[],control_if{sensing_touchingobject{TOUCHINGOBJECTMENU}},[],{},"{'Punkte': 21, 'Zeit': 27}"
338,3.697,92,163,[],control_if{sensing_touchingcolor{COLOR}},[],{},"{'Punkte': 21, 'Zeit': 27}"
339,3.728,92,163,[],looks_show,[],{},"{'Punkte': 21, 'Zeit': 27}"
340,3.729,92,156,[],motion_changeyby{math_number(NUM:-7)},[],{},"{'Punkte': 21, 'Zeit': 27}"
341,3.73,92,156,[],control_if{sensing_touchingobject{TOUCHINGOBJECTMENU}},[],{},"{'Punkte': 21, 'Zeit': 27}"
342,3.731,92,156,[],control_if{sensing_touchingcolor{COLOR}},[],{},"{'Punkte': 21, 'Zeit': 27}"
343,3.762,92,156,[],looks_show,[],{},"{'Punkte': 21, 'Zeit': 27}"
344,3.763,92,149,[],motion_changeyby{math_number(NUM:-7)},[],{},"{'Punkte': 21, 'Zeit': 27}"
345,3.763,92,149,[],control_if{sensing_touchingobject{TOUCHINGOBJECTMENU}},[],{},"{'Punkte': 21, 'Zeit': 27}"
346,3.765,92,149,[],control_if{sensing_touchingcolor{COLOR}},[],{},"{'Punkte': 21, 'Zeit': 27}"
347,3.795,92,149,[],looks_show,[],{},"{'Punkte': 21, 'Zeit': 27}"
348,3.796,92,142,[],motion_changeyby{math_number(NUM:-7)},[],{},"{'Punkte': 21, 'Zeit': 27}"
349,3.796,92,142,[],control_if{sensing_touchingobject{TOUCHINGOBJECTMENU}},[],{},"{'Punkte': 21, 'Zeit': 27}"
350,3.797,92,142,[],control_if{sensing_touchingcolor{COLOR}},[],{},"{'Punkte': 21, 'Zeit': 27}"
351,3.83,92,142,[],looks_show,['Right'],{},"{'Punkte': 21, 'Zeit': 27}"
352,3.831,92,135,[],motion_changeyby{math_number(NUM:-7)},['Right'],{},"{'Punkte': 21, 'Zeit': 27}"
353,3.831,92,135,[],control_if{sensing_touchingobject{TOUCHINGOBJECTMENU}},['Right'],{},"{'Punkte': 21, 'Zeit': 27}"
354,3.832,92,135,[],control_if{sensing_touchingcolor{COLOR}},['Right'],{},"{'Punkte': 21, 'Zeit': 27}"
355,3.863,92,135,[],looks_show,['Right'],{},"{'Punkte': 21, 'Zeit': 27}"
356,3.864,92,128,[],motion_changeyby{math_number(NUM:-7)},['Right'],{},"{'Punkte': 21, 'Zeit': 27}"
357,3.864,92,128,[],control_if{sensing_touchingobject{TOUCHINGOBJECTMENU}},['Right'],{},"{'Punkte': 21, 'Zeit': 27}"
358,3.865,92,128,[],control_if{sensing_touchingcolor{COLOR}},['Right'],{},"{'Punkte': 21, 'Zeit': 27}"
359,3.896,92,128,[],looks_show,['Right'],{},"{'Punkte': 21, 'Zeit': 27}"
360,3.897,92,121,[],motion_changeyby{math_number(NUM:-7)},['Right'],{},"{'Punkte': 21, 'Zeit': 27}"
361,3.897,92,121,[],control_if{sensing_touchingobject{TOUCHINGOBJECTMENU}},['Right'],{},"{'Punkte': 21, 'Zeit': 27}"
362,3.899,92,121,[],control_if{sensing_touchingcolor{COLOR}},['Right'],{},"{'Punkte': 21, 'Zeit': 27}"
363,3.928,92,121,[],looks_show,['Right'],{},"{'Punkte': 21, 'Zeit': 27}"
364,3.928,92,114,[],motion_changeyby{math_number(NUM:-7)},['Right'],{},"{'Punkte': 21, 'Zeit': 27}"
365,3.929,92,114,[],control_if{sensing_touchingobject{TOUCHINGOBJECTMENU}},['Right'],{},"{'Punkte': 21, 'Zeit': 27}"
366,3.93,92,114,[],control_if{sensing_touchingcolor{COLOR}},['Right'],{},"{'Punkte': 21, 'Zeit': 27}"
367,3.961,92,114,[],looks_show,['Right'],{},"{'Punkte': 21, 'Zeit': 27}"
368,3.962,92,107,[],motion_changeyby{math_number(NUM:-7)},['Right'],{},"{'Punkte': 21, 'Zeit': 27}"
369,3.962,92,107,[],control_if{sensing_touchingobject{TOUCHINGOBJECTMENU}},['Right'],{},"{'Punkte': 21, 'Zeit': 27}"
370,3.964,92,107,[],control_if{sensing_touchingcolor{COLOR}},['Right'],{},"{'Punkte': 21, 'Zeit': 27}"
371,3.994,92,107,[],looks_show,['Right'],{},"{'Punkte': 21, 'Zeit': 27}"
372,3.995,92,100,[],motion_changeyby{math_number(NUM:-7)},['Right'],{},"{'Punkte': 21, 'Zeit': 27}"
373,3.995,92,100,[],control_if{sensing_touchingobject{TOUCHINGOBJECTMENU}},['Right'],{},"{'Punkte': 21, 'Zeit': 27}"
374,3.997,92,100,[],control_if{sensing_touchingcolor{COLOR}},['Right'],{},"{'Punkte': 21, 'Zeit': 27}"
375,4.028,92,100,[],looks_show,['Right'],{},"{'Punkte': 21, 'Zeit': 27}"
376,4.028,92,93,[],motion_changeyby{math_number(NUM:-7)},['Right'],{},"{'Punkte': 21, 'Zeit': 27}"
377,4.029,92,93,[],control_if{sensing_touchingobject{TOUCHINGOBJECTMENU}},['Right'],{},"{'Punkte': 21, 'Zeit': 27}"
378,4.029,92,93,[],control_if{sensing_touchingcolor{COLOR}},['Right'],{},"{'Punkte': 21, 'Zeit': 27}"
379,4.062,92,93,[],looks_show,['Right'],{},"{'Punkte': 21, 'Zeit': 27}"
380,4.062,92,86,[],motion_changeyby{math_number(NUM:-7)},['Right'],{},"{'Punkte': 21, 'Zeit': 27}"
381,4.062,92,86,[],control_if{sensing_touchingobject{TOUCHINGOBJECTMENU}},['Right'],{},"{'Punkte': 21, 'Zeit': 27}"
382,4.065,92,86,[],control_if{sensing_touchingcolor{COLOR}},['Right'],{},"{'Punkte': 21, 'Zeit': 27}"
383,4.106,92,86,[],looks_show,['Right'],{},"{'Punkte': 21, 'Zeit': 27}"
384,4.106,92,79,[],motion_changeyby{math_number(NUM:-7)},['Right'],{},"{'Punkte': 21, 'Zeit': 27}"
385,4.106,92,79,[],control_if{sensing_touchingobject{TOUCHINGOBJECTMENU}},['Right'],{},"{'Punkte': 21, 'Zeit': 27}"
386,4.109,92,79,[],control_if{sensing_touchingcolor{COLOR}},['Right'],{},"{'Punkte': 21, 'Zeit': 27}"
387,4.139,92,79,[],looks_show,['Right'],{},"{'Punkte': 21, 'Zeit': 27}"
388,4.14,92,72,[],motion_changeyby{math_number(NUM:-7)},['Right'],{},"{'Punkte': 21, 'Zeit': 27}"
389,4.141,92,72,[],control_if{sensing_touchingobject{TOUCHINGOBJECTMENU}},['Right'],{},"{'Punkte': 21, 'Zeit': 27}"
390,4.142,92,72,[],control_if{sensing_touchingcolor{COLOR}},['Right'],{},"{'Punkte': 21, 'Zeit': 27}"
391,4.173,92,72,[],looks_show,['Right'],{},"{'Punkte': 21, 'Zeit': 27}"
392,4.174,92,65,[],motion_changeyby{math_number(NUM:-7)},['Right'],{},"{'Punkte': 21, 'Zeit': 27}"
393,4.176,92,65,[],control_if{sensing_touchingobject{TOUCHINGOBJECTMENU}},['Right'],{},"{'Punkte': 21, 'Zeit': 27}"
394,4.186,92,65,[],control_if{sensing_touchingcolor{COLOR}},['Right'],{},"{'Punkte': 21, 'Zeit': 27}"
395,4.207,92,65,[],looks_show,['Right'],{},"{'Punkte': 21, 'Zeit': 27}"
396,4.207,92,58,[],motion_changeyby{math_number(NUM:-7)},['Right'],{},"{'Punkte': 21, 'Zeit': 27}"
397,4.208,92,58,[],control_if{sensing_touchingobject{TOUCHINGOBJECTMENU}},['Right'],{},"{'Punkte': 21, 'Zeit': 27}"
398,4.21,92,58,[],control_if{sensing_touchingcolor{COLOR}},['Right'],{},"{'Punkte': 21, 'Zeit': 27}"
399,4.241,92,58,[],looks_show,['Right'],{},"{'Punkte': 21, 'Zeit': 26}"
400,4.241,92,51,[],motion_changeyby{math_number(NUM:-7)},['Right'],{},"{'Punkte': 21, 'Zeit': 26}"
401,4.242,92,51,[],control_if{sensing_touchingobject{TOUCHINGOBJECTMENU}},['Right'],{},"{'Punkte': 21, 'Zeit': 26}"
402,4.246,92,51,[],control_if{sensing_touchingcolor{COLOR}},['Right'],{},"{'Punkte': 21, 'Zeit': 26}"
403,4.28,92,51,[],looks_show,['Right'],{},"{'Punkte': 21, 'Zeit': 26}"
404,4.281,92,44,[],motion_changeyby{math_number(NUM:-7)},['Right'],{},"{'Punkte': 21, 'Zeit': 26}"
405,4.281,92,44,[],control_if{sensing_touchingobject{TOUCHINGOBJECTMENU}},['Right'],{},"{'Punkte': 21, 'Zeit': 26}"
406,4.284,92,44,[],control_if{sensing_touchingcolor{COLOR}},['Right'],{},"{'Punkte': 21, 'Zeit': 26}"
407,4.312,92,44,[],looks_show,['Right'],{},"{'Punkte': 21, 'Zeit': 26}"
408,4.312,92,37,[],motion_changeyby{math_number(NUM:-7)},['Right'],{},"{'Punkte': 21, 'Zeit': 26}"
409,4.313,92,37,[],control_if{sensing_touchingobject{TOUCHINGOBJECTMENU}},['Right'],{},"{'Punkte': 21, 'Zeit': 26}"
410,4.314,92,37,[],control_if{sensing_touchingcolor{COLOR}},['Right'],{},"{'Punkte': 21, 'Zeit': 26}"
411,4.345,92,37,[],looks_show,['Right'],{},"{'Punkte': 21, 'Zeit': 26}"
412,4.346,92,30,[],motion_changeyby{math_number(NUM:-7)},['Right'],{},"{'Punkte': 21, 'Zeit': 26}"
413,4.348,92,30,[],control_if{sensing_touchingobject{TOUCHINGOBJECTMENU}},['Right'],{},"{'Punkte': 21, 'Zeit': 26}"
414,4.351,92,30,[],control_if{sensing_touchingcolor{COLOR}},['Right'],{},"{'Punkte': 21, 'Zeit': 26}"
415,4.38,92,30,[],looks_show,['Right'],{},"{'Punkte': 21, 'Zeit': 26}"
416,4.381,92,23,[],motion_changeyby{math_number(NUM:-7)},['Right'],{},"{'Punkte': 21, 'Zeit': 26}"
417,4.383,92,23,[],control_if{sensing_touchingobject{TOUCHINGOBJECTMENU}},['Right'],{},"{'Punkte': 21, 'Zeit': 26}"
418,4.386,92,23,[],control_if{sensing_touchingcolor{COLOR}},['Right'],{},"{'Punkte': 21, 'Zeit': 26}"
419,4.414,92,23,[],looks_show,['Right'],{},"{'Punkte': 21, 'Zeit': 26}"
420,4.414,92,16,[],motion_changeyby{math_number(NUM:-7)},['Right'],{},"{'Punkte': 21, 'Zeit': 26}"
421,4.415,92,16,[],control_if{sensing_touchingobject{TOUCHINGOBJECTMENU}},['Right'],{},"{'Punkte': 21, 'Zeit': 26}"
422,4.416,92,16,[],control_if{sensing_touchingcolor{COLOR}},['Right'],{},"{'Punkte': 21, 'Zeit': 26}"
423,4.447,92,16,[],looks_show,['Right'],{},"{'Punkte': 21, 'Zeit': 26}"
424,4.447,92,9,[],motion_changeyby{math_number(NUM:-7)},['Right'],{},"{'Punkte': 21, 'Zeit': 26}"
425,4.447,92,9,[],control_if{sensing_touchingobject{TOUCHINGOBJECTMENU}},['Right'],{},"{'Punkte': 21, 'Zeit': 26}"
426,4.448,92,9,[],control_if{sensing_touchingcolor{COLOR}},['Right'],{},"{'Punkte': 21, 'Zeit': 26}"
427,4.48,92,9,[],looks_show,['Right'],{},"{'Punkte': 21, 'Zeit': 26}"
428,4.481,92,2,[],motion_changeyby{math_number(NUM:-7)},['Right'],{},"{'Punkte': 21, 'Zeit': 26}"
429,4.482,92,2,[],control_if{sensing_touchingobject{TOUCHINGOBJECTMENU}},['Right'],{},"{'Punkte': 21, 'Zeit': 26}"
430,4.483,92,2,[],control_if{sensing_touchingcolor{COLOR}},['Right'],{},"{'Punkte': 21, 'Zeit': 26}"
431,4.514,92,2,[],looks_show,['Right'],{},"{'Punkte': 21, 'Zeit': 26}"
432,4.515,92,-5,[],motion_changeyby{math_number(NUM:-7)},['Right'],{},"{'Punkte': 21, 'Zeit': 26}"
433,4.515,92,-5,[],control_if{sensing_touchingobject{TOUCHINGOBJECTMENU}},['Right'],{},"{'Punkte': 21, 'Zeit': 26}"
434,4.518,92,-5,[],control_if{sensing_touchingcolor{COLOR}},['Right'],{},"{'Punkte': 21, 'Zeit': 26}"
435,4.547,92,-5,[],looks_show,['Right'],{},"{'Punkte': 21, 'Zeit': 26}"
436,4.547,92,-12,[],motion_changeyby{math_number(NUM:-7)},['Right'],{},"{'Punkte': 21, 'Zeit': 26}"
437,4.547,92,-12,[],control_if{sensing_touchingobject{TOUCHINGOBJECTMENU}},['Right'],{},"{'Punkte': 21, 'Zeit': 26}"
438,4.549,92,-12,[],control_if{sensing_touchingcolor{COLOR}},['Right'],{},"{'Punkte': 21, 'Zeit': 26}"
439,4.58,92,-12,[],looks_show,['Right'],{},"{'Punkte': 21, 'Zeit': 26}"
440,4.581,92,-19,[],motion_changeyby{math_number(NUM:-7)},['Right'],{},"{'Punkte': 21, 'Zeit': 26}"
441,4.582,92,-19,[],control_if{sensing_touchingobject{TOUCHINGOBJECTMENU}},['Right'],{},"{'Punkte': 21, 'Zeit': 26}"
442,4.585,92,-19,[],control_if{sensing_touchingcolor{COLOR}},['Right'],{},"{'Punkte': 21, 'Zeit': 26}"
443,4.613,92,-19,[],looks_show,[],{},"{'Punkte': 21, 'Zeit': 26}"
444,4.614,92,-26,[],motion_changeyby{math_number(NUM:-7)},[],{},"{'Punkte': 21, 'Zeit': 26}"
445,4.615,92,-26,[],control_if{sensing_touchingobject{TOUCHINGOBJECTMENU}},[],{},"{'Punkte': 21, 'Zeit': 26}"
446,4.617,92,-26,[],control_if{sensing_touchingcolor{COLOR}},[],{},"{'Punkte': 21, 'Zeit': 26}"
447,4.646,92,-26,[],looks_show,[],{},"{'Punkte': 21, 'Zeit': 26}"
448,4.646,92,-33,[],motion_changeyby{math_number(NUM:-7)},[],{},"{'Punkte': 21, 'Zeit': 26}"
449,4.647,92,-33,[],control_if{sensing_touchingobject{TOUCHINGOBJECTMENU}},[],{},"{'Punkte': 21, 'Zeit': 26}"
450,4.649,92,-33,[],control_if{sensing_touchingcolor{COLOR}},[],{},"{'Punkte': 21, 'Zeit': 26}"
451,4.68,92,-33,[],looks_show,[],{},"{'Punkte': 21, 'Zeit': 26}"
452,4.68,92,-40,[],motion_changeyby{math_number(NUM:-7)},[],{},"{'Punkte': 21, 'Zeit': 26}"
453,4.681,92,-40,[],control_if{sensing_touchingobject{TOUCHINGOBJECTMENU}},[],{},"{'Punkte': 21, 'Zeit': 26}"
454,4.681,92,-40,[],control_if{sensing_touchingcolor{COLOR}},[],{},"{'Punkte': 21, 'Zeit': 26}"
455,4.712,92,-40,[],looks_show,[],{},"{'Punkte': 21, 'Zeit': 26}"
456,4.713,92,-47,[],motion_changeyby{math_number(NUM:-7)},[],{},"{'Punkte': 21, 'Zeit': 26}"
457,4.715,92,-47,[],control_if{sensing_touchingobject{TOUCHINGOBJECTMENU}},[],{},"{'Punkte': 21, 'Zeit': 26}"
458,4.718,92,-47,[],control_if{sensing_touchingcolor{COLOR}},[],{},"{'Punkte': 21, 'Zeit': 26}"
459,4.75,92,-47,[],looks_show,[],{},"{'Punkte': 21, 'Zeit': 26}"
460,4.751,92,-54,[],motion_changeyby{math_number(NUM:-7)},[],{},"{'Punkte': 21, 'Zeit': 26}"
461,4.753,92,-54,[],control_if{sensing_touchingobject{TOUCHINGOBJECTMENU}},[],{},"{'Punkte': 21, 'Zeit': 26}"
462,4.755,92,-54,[],control_if{sensing_touchingcolor{COLOR}},[],{},"{'Punkte': 21, 'Zeit': 26}"
463,4.783,92,-54,[],looks_show,[],{},"{'Punkte': 21, 'Zeit': 26}"
464,4.783,92,-61,[],motion_changeyby{math_number(NUM:-7)},[],{},"{'Punkte': 21, 'Zeit': 26}"
465,4.783,92,-61,[],control_if{sensing_touchingobject{TOUCHINGOBJECTMENU}},[],{},"{'Punkte': 21, 'Zeit': 26}"
466,4.785,92,-61,[],control_if{sensing_touchingcolor{COLOR}},[],{},"{'Punkte': 21, 'Zeit': 26}"
467,4.816,92,-61,[],looks_show,[],{},"{'Punkte': 21, 'Zeit': 26}"
468,4.817,92,-68,[],motion_changeyby{math_number(NUM:-7)},[],{},"{'Punkte': 21, 'Zeit': 26}"
469,4.817,92,-68,[],control_if{sensing_touchingobject{TOUCHINGOBJECTMENU}},[],{},"{'Punkte': 21, 'Zeit': 26}"
470,4.817,92,-68,[],control_if{sensing_touchingcolor{COLOR}},[],{},"{'Punkte': 21, 'Zeit': 26}"
471,4.85,92,-68,[],looks_show,[],{},"{'Punkte': 21, 'Zeit': 26}"
472,4.85,92,-75,[],motion_changeyby{math_number(NUM:-7)},[],{},"{'Punkte': 21, 'Zeit': 26}"
473,4.85,92,-75,[],control_if{sensing_touchingobject{TOUCHINGOBJECTMENU}},[],{},"{'Punkte': 21, 'Zeit': 26}"
474,4.851,92,-75,[],control_if{sensing_touchingcolor{COLOR}},[],{},"{'Punkte': 21, 'Zeit': 26}"
475,4.883,92,-75,[],looks_show,[],{},"{'Punkte': 21, 'Zeit': 26}"
476,4.883,92,-82,[],motion_changeyby{math_number(NUM:-7)},[],{},"{'Punkte': 21, 'Zeit': 26}"
477,4.883,92,-82,[],control_if{sensing_touchingobject{TOUCHINGOBJECTMENU}},[],{},"{'Punkte': 21, 'Zeit': 26}"
478,4.885,92,-82,[],control_if{sensing_touchingcolor{COLOR}},[],{},"{'Punkte': 21, 'Zeit': 26}"
479,4.916,92,-82,[],looks_show,[],{},"{'Punkte': 21, 'Zeit': 26}"
480,4.916,92,-89,[],motion_changeyby{math_number(NUM:-7)},[],{},"{'Punkte': 21, 'Zeit': 26}"
481,4.917,92,-89,[],control_if{sensing_touchingobject{TOUCHINGOBJECTMENU}},[],{},"{'Punkte': 21, 'Zeit': 26}"
482,4.918,92,-89,[],control_if{sensing_touchingcolor{COLOR}},[],{},"{'Punkte': 21, 'Zeit': 26}"
483,4.95,92,-89,[],looks_show,[],{},"{'Punkte': 21, 'Zeit': 26}"
484,4.951,92,-96,[],motion_changeyby{math_number(NUM:-7)},[],{},"{'Punkte': 21, 'Zeit': 26}"
485,4.952,92,-96,[],control_if{sensing_touchingobject{TOUCHINGOBJECTMENU}},[],{},"{'Punkte': 21, 'Zeit': 26}"
486,4.955,92,-96,[],control_if{sensing_touchingcolor{COLOR}},[],{},"{'Punkte': 21, 'Zeit': 26}"
487,4.983,92,-96,[],looks_show,[],{},"{'Punkte': 21, 'Zeit': 26}"
488,4.983,92,-103,[],motion_changeyby{math_number(NUM:-7)},[],{},"{'Punkte': 21, 'Zeit': 26}"
489,4.983,92,-103,[],control_if{sensing_touchingobject{TOUCHINGOBJECTMENU}},[],{},"{'Punkte': 21, 'Zeit': 26}"
490,4.985,92,-103,[],control_if{sensing_touchingcolor{COLOR}},[],{},"{'Punkte': 21, 'Zeit': 26}"
491,5.016,92,-103,[],looks_show,[],{},"{'Punkte': 21, 'Zeit': 26}"
492,5.016,92,-110,['Bowl'],motion_changeyby{math_number(NUM:-7)},[],{},"{'Punkte': 21, 'Zeit': 26}"
493,5.016,92,-110,['Bowl'],data_changevariableby(VARIABLE:Punkte){math_number(NUM:8)},[],{},"{'Punkte': 29, 'Zeit': 26}"
494,5.017,92,-110,[],looks_hide,[],{},"{'Punkte': 29, 'Zeit': 26}"
495,5.018,-31,137,[],motion_goto{motion_goto_menu(TO:_random_)},[],{},"{'Punkte': 29, 'Zeit': 26}"
496,5.018,-31,170,[],motion_sety{math_number(NUM:170)},[],{},"{'Punkte': 29, 'Zeit': 26}"
497,5.019,-31,170,[],looks_show,[],{},"{'Punkte': 29, 'Zeit': 26}"
498,5.019,-31,170,[],control_if{sensing_touchingobject{TOUCHINGOBJECTMENU}},[],{},"{'Punkte': 29, 'Zeit': 26}"
499,5.02,-31,170,[],control_if{sensing_touchingcolor{COLOR}},[],{},"{'Punkte': 29, 'Zeit': 26}"
